0xcb394f35ccf4313cc691909a3e1ca22ef3142a66,499000000000000
0x3833f8dbdbd6bdcb6a883ff209b869148965b364,5000000000000000
0x3108e634741eb6d90f95a7493ab20adbfeb60ad3,1000000000000000
0xec68720f27cb8849aaf9921f653563e026c285cb,26000000000000000
0xebb62cf8e22c884b1b28c6fa88fbbc17938aa787,5000000000000000
0xc046b59484843b2af6ca105afd88a3ab60e9b7cd,505000000000000
0x2c99c91289767615d8d112ba88f48801d03e7d2c,1000000000000000
0x7df2842cd9410854b06bc02c146506c82ffb015f,990000000000000
0x3fb10e93f8560c29b588045c7991e817dd789ec8,4000000000000000
0x0914c8a46897ca4cf32332242abdde870e0c5614,100000000000000
0xd6090537d33fa752235c00b4095e789c896ce49c,11100000000000000
0x1c5e4db864861d9b6203bd86af0c0b5ffcd6115d,32333333333333
0x1b4cdb799a451bf57c5f71037becc6e83a196183,4476000000000000
0x43acc7877bbae657e8d42e14da7df506076912e0,7000000000000000
0xed6d42dd1d479e535f4c39ad7430d5079e5eff5a,200000000000000
0x71704b12385ee7e97c80ab4df8be781fea35fb6b,200000000000000
0x19d36fb3ad78d0c4e43d36119c91bb573ef84624,228000000000000
0xc88987f91400d5fc3f9de05576818b68c6033be9,1900000000000000
0x2e20c53dbe1dde7110df7ff20131135a54e276af,11310445000000000
0x5f3f428c4fb6151e8c26be254b5c50d0be072c69,13000000000000000
0xfae7c0f278b11e550091b3a16e2be83c74065d78,147000000000000
0x0930ae89122a7b7f8cdcf4e85a0a92b756337aaf,28315572820000
0x0559c739789e36a2938e0f49b90b2763145cc317,6600000000000000
0x8f1647e77cb178423fb14e4055ffab1a06325589,2670000000000000
0x577fa2553af35908072af7fc61270fd98022002b,146000000000000
0xa51826379d5ff609371cd8f2dceb2d42357b1dbe,24770569489180000
0x862effce82e7bfb9933c3d846067e5ad6836cfbb,1000000000000000
0x3e7d0c920723c718456e344c70a266e0594676c5,399000000000000
0x940b4c716b231d7aa3d43f4033d9c736fe2da3f9,1250000000000000
0x27ee02e2753c22da0ebc22115f06e1e716d6c0b1,36300000000000000
0x101728d824b40d77a6d69a77b5563d3d3fdd21b2,1000000000000000
0x4bfe05cd42412c68a21ae0d7429672ddc2d1bf9d,400000000000000
0xcd3c509a1afee8d4b92b5893ef7c4bd37203b4d7,18300000000000000
0xa2740ddcccccd8b45c3e872a568158f04f087b64,500000000000000
0x951bfca8c42a083071a3d5cafd7a626d19e3848d,1548000000000000
0x23cf4763bc6007d430b61e7c857bb9693cfc1f03,1599000000000000
0xe93abe35bce611f78edde2d4f32cc56206caff12,298000000000000
0xb27c622159340881b0051331728f5bd25c499a2f,1472000000000000
0xbf387b4dd47604d753ecba2c0d6c3d5f45b8c61e,98000000000000
0xbb2d620db1b97766bd58650ee37e7950e4a36452,430000000000000
0xdc9b077032c9ecf708a4f47123dabb2cc18bcaa2,416000000000000
0x88ad1ea01e9635ecadcff10a19c05d1b1cbe90b9,1000000000000000
0xf5b8bac53fe8b0f8d6fef4679c2fca22854c4f41,85000000000000
0x6cf0569bf06069e27fca1ff3d6cb398116f0a097,80000000000000000
0xaa30d7ddefd067820e9745a6b8f88d57040fac93,17000000000000000
0x0014af65d276040675dd2c65d2058be2b6da19ac,1260000000000000
0xba116f1c50d2e882c5e17b88668c88d263daa643,500000000000000
0x7617403bba1e2681a37a48d7d929b2a041959861,3000000000000
0xe47fceb4cc1d523e1527b01e1c59cb871e1eaf5f,200000000000000
0x64a3a16d75a9d1f6eee1ccc1e240c45780f94636,1501000000000000
0x81bb32b144d6aa686a63a56e7dbd205b2ae8b8bb,195000000000000
0x3789873bdcc2d003497a4f56a576b8785b4760f2,100000000000000
0x38294068f8958e0aa02588f7b878b38bb31b49af,45000000000000
0x6018298a8e8cf342a60586e3661294bf2aaa64cd,1000000000000000
0x002fabc95252aa7c70112dfd86c8ffc6510f2ced,200000000000000
0x93085108e2d801601fe7e37f26106c6e305bc57c,500000000000000
0xa273de9503303486422babe0c961e7bdd8835aaa,990000000000000
0xbd491c21ecd01d8167e1ceed3e799de0777bc26f,59000000000000
0x18ea39b27b1dd0e53a46a90f544a3ee6e16f94c4,125000000000000
0x387e8771047d3aa42c2cbe4b4412acd65a8cb0b4,5000000000000000
0x2d9836904430a15dae1922548c6f0af1ae9b6cd8,200000000000000
0x1a7591e414959caa5b5765c26fa791df4494db9b,60000000000000000
0xc6974fd5307490d87365c5a4cd019c434eaae39c,1200000000000000
0x022b66c7fd8ab5f1a9636c4608b4bdf3d453a050,12490000000000000
0xd90b4975ac6fb8d4dae3cbf126109270add5f8b4,2500000000000000
0x76a7914d82fcb90ad82c3a5f1232b6ca5efda27c,400000000000000
0x7af8ab114cb40b6dacdd872ac1733486b84aac62,90000000000000
0xad12c16db279fcf0201cf2305f7ee83231c61373,1200000000000000
0xf60a5daa25c16ab7d9d34ac23ec5006eb179c739,2495000000000000
0xd29e516562d3bd78bbc05dbd55972fcd0f650eff,100000000000000
0x0dfda71474352536c343c63f8fba3bc7131fdba9,40000000000000
0xae6a1f3e4fd99e4c857ec43919be2c035496f6da,99000000000000
0xeae5f2c454f8a90f5d4571a9e0358b9d9b0e105d,500000000000000
0x7354f3d7141be4634f3a436cfd57182276e2a306,1146000000000000
0xd7b9bb4ea1dcae8e6b3da402ffadd6237fe0916c,201000000000000
0x5ef6225c79cb01056f7dd72baee9f694242139af,15000000000000
0x7610d0ee9aca8065b69d9d3b7aa37d47f0be145a,75000000000000
0xf96a48f8074a6fedb4e85097a8e1e9463c85ef68,2500000000000000
0x6967d528fd582d55627668336b906ec690ac963b,1500000000000000
0x3bb66e9e7afeeeda34838dd3cb62efb20cdb4377,415189343690000
0x5341b49404f53707910cbb7cb0a1b4ad72d9b83d,49000000000000
0xba41fdfc2371719fcf781b81f0e5fb353afa131a,23500000000000000
0x712033cf8adc1e60beadb8b52c8a02f02bffe336,500000000000000
0x00b0a37554976f25303adf7a715fb050f7d1d73d,500000000000000
0xd9d1956de3a9f77580cc581308d12f2b3ef616a5,10400000000000000
0x4bf278ff22a98e2ec520472ee271da5586d4ac12,1200000000000000
0x378e857bcd90c4b752cc41111d8a17f6a5ea0935,400000000000000
0x8298e8a3cc1a18ef22b8fbc7bdf90d30dbbe7d88,166000000000000
0xa0c6dae95ca6db6f70c64ae58d5bad8386b51139,3000000000000000
0x6d82d1d38451ff4bfdd8d0a97a6895cddbf2e2fd,100000000000000
0x0446e3b7bb7bddb51ddc97aead54a78c2958b7f5,30000000000000
0x140066f3c58ee1bd550eba83cd76f73a17c26d36,12450000000000000
0x522aef9c286463840def1e9d7b43f15de76b1b4b,9990000000000000
0xa7e9c5e6a73d223bd27507df2c87946e7dcdd0fa,100000000000000
0x2ca9e3503b5f7df399c11c01dfb4bdc4691b2acc,750000000000000
0xa1619bda3f5160d19df5f9358f76a3e9bc893ed6,752000000000000
0x2cadafe29d2b53b990742ccb2285e9dd9d6de037,100000000000000
0x04528fb91840ce4bcfc7390919a455d530da8ecb,100000000000000
0xf6d9bf8768b871be23c3a810cbc68a5372aec790,120000000000000
0x9b6f01bfbdf9489e2a828dfbeaeb22954b5a2bed,1030000000000000
0x0f7ce02f8af040579eb7a93549bdcc965fa8eb7b,835435458250000
0x14211897700a04b06899bc94733ea303828d1eb1,400000000000000
0x6ba2ac6354bef105f5871bd7fcea4c33a8ece77a,2100000000000000
0x46070a56292b804263fe4ea40c7d82c54ec7b613,6000000000000
0xcf0086841fc3df129601bbc830a8e931a51af5af,90000000000000
0xa18b81886bf4cef3102515d6176f0cd20e727b53,52000000000000
0xf2d0dc09aa917faa34ed67a94a21f6c89935b226,500000000000000
0xb60ef8035e20f838acd00b998467496880651b00,100000000000000
0x5f1e982c893645f28b19aa8cfc10cea114dd53a4,280000000000000
0xeefcd01087281d035ece6a3bc369eb3afafc4cec,210000000000000
0xf8ec2c774db48a13ae04e18b0047b4cefc95ca5e,200000000000000
0x64987f5e56f148a34f99c24af4f7c751adf50b84,884615384615384
0xf1b541f13742ab33ccf3846e97b4febd3b7b10a1,100000000000000
0x293461726d8b456a2b11a716adc0111dcc7cf891,1500000000000000
0xe424ebbecc3a948d17900b5e7b8797afe35de70a,101000000000000
0x3323462eefa5249e00ff45099b0f63842e6e8294,100000000000000
0x71362db36d626bc18ff98870c450c14f90c6be09,4000000000000
0x15366ff519a0c871555a5d02729770b33b8d5258,210000000000000
0x95f9eb640477250e9d4336fdd00cf645557fbc76,1020000000000000
0xe74191d81fe3925d9ab0b2486bbdbd87c0b4c188,449000000000000
0x76927e2ccab0084bd19cee74f78b63134b9d181e,1000000000000000
0x4eb02c485a942855f8ee3cc6eeff0de447d6c081,100000000000000
0x7dafd53aee8982ab1d767830c2fe50f62e3a98e6,200000000000000
0x1e8ac273163f6f7bcefdc7983a357714eea853ff,165000000000000
0x56d21c7f2bfeb3e1c7ccf7798094251862ce9b08,99000000000000
0x7888c47a8d51f7873450e6e1555cb236e0f9a84e,550000000000000
0x0977a13ed04aca10ded7f69afc5e673988ce7b04,100000000000000
0x9989cfac3f520dc1741ff0b10479c9971812be2f,50000000000000
0x67a820af37dcfc09c924905cb17a4f13bd2340b2,5000000000000000
0x00d45de1d3f648f982167cdfd37474d46254a134,1000058497480000
0x7a200c8b8967a8080a249f6b12ed1d8adbb48fd1,600000000000000
0xb10260352b913abbe7cd4f1766ee3bdbc89bd2c9,99000000000000
0x3b325c8570952e780c54c1ac69596d26714e7fb5,88000000000000
0xd81cf6e0486e82c92ceb1bad4ce9de666c474365,2322693000000000
0x2bc44e262a2ee912989620b73b7bd0218e5b6d5a,100000000000000
0x83012c914ace5ec68c6a13a6aa0660ba7602e2cc,450000000000000
0xb661f3472aabfd09423ce3c12093ee3a2508ba4a,1000000000000
0x08bea4ccc9c45e506d5bc5e638acaa13fa3e801c,210000000000000
0x6e24f19e2fdeff8ff863a088778d7403d5a86221,10000000000000000
0xd9cdbc9eb9b201df0167ef16933fae71322a754b,244307000000000
0x6ac4c78a570c1b4c43110d4c6c456ce4f46c17c9,296000000000000
0xc0b5e31137f0efafc0e64aac4bc00807debffb99,599000000000000
0x4bf8bf1d35a231315764fc8001809a949294fc49,200000000000000
0x1cb41e63c8a901ea941976f449a0101017582eb2,500000000000000
0xff444d471fc26e7165b483cfdf7cb53889122956,9998000000000000
0x1a5755d49fbfb675599863a491af333c04f9f4ba,1200000000000000
0x8efdb5ee103c2295dab1410b4e3d1ed7a91584d4,100000000000000
0x192d184e726da9a783de846a53b84d772387b8d2,200000000000000
0xdc2ae02e7022d8ebe18fcadda543127926ece58d,55000000000000
0x3d8135d78283d134022d5cce52b783b306914b36,9990000000000000
0x2e76c178b49171e1b6cb90682765eefa9c651a5c,195000000000000
0x3dc768eb0a77c54215f37206401df32d9028d974,125000000000000
0xb205d1f7ee10282dc77cc44712a108eb0a31b3c3,5000000000000000
0xe6e7b2a9983b51f71b7bc8641ec22d6e2782ed79,399000000000000
0x4dd59cb04bd93ea15dbab4f50bda3a35d55738dd,1200000000000000
0xba78b0f43373f89fc61555779baacad1eeffd6f0,1000000000000
0x93b4e4be3a029b6a5dcf6f87ae21f7df81314228,180000000000000
0x00fdf9bb582cdc7d39bffb070663f6102e9bc38e,10000000000000
0xfd03e76afa140f442a1b3eaf7b9af1461f61b59c,1500000000000000
0x3179002cfcd5c4f65e7a8ed5ef27d1d1106cc673,5000000000000000
0x9f6800aeb8180fdc00f1d57ed45d4666fd5266a0,100000000000000
0xa4e7227d0029cf852ff6270f01e93f4a0344d3db,500000000000000
0x980d11d945aca6136cdd7ffd8d798545794d4803,150000000000000
0x5f1a345eb21e6ff7c089c03bbc5955a8c5f51ebd,600000000000000
0x2b51a3e8c293f38d27c791ca7694b7e4bd0d07a3,20000000000000
0xbca02060a15c0660834bcab8770c95969bb35e22,98000000000000
0x1804c47dec9be435c8edffc92e20c7d3fbae3909,510395972194095
0x9f8677cd4c36eadf9f215252f1cba663f14fde2f,44000000000000
0xb209b40a35f2df5382ae32bb379771dbf36eb0c8,405000000000000
0xbdc3bf9ea12f4257e0b9ee765b8ce224272aa858,100000000000000
0x1f24b1b0d4121317e427fd0149ee5207d54a7a62,1503745825406561
0xd9ffc05e25ac4f914fee0c4cf5e1331c3c52fdb5,1500000000000000
0xff723447d3a4da1bc4bfd6ee7ee112dc6bf1dd08,313580433347891
0x1c1bb5915cec7da52985a2765519fc23483c93b0,125000000000000
0xaec27ff5d7f9ddda91183f46f9d52543b6cd2b2f,1000000000000000
0x15dedd9133da5b0d01e93cb897b466a714902f75,183547564751538
0xb7a63810d186e4a33b217dd672d174abff8e8df9,69000000000000
0x8bf97c47f4e8e95e3220d75f3438ec7b54f002d7,108772132088461
0xf7c6e7ba8c4fb646eab22c183fa0f6dd261eeb9d,8000000000000
0x7d1537c1cb3d830ea380c84849c873a5639123dc,291000000000000
0xb648f1d13f066a7075bc6bdb0338b983fca75702,120000000000000
0x5a505cc54a9a1e52262f2505eedb0c2822653251,110000000000000
0x85ed0849ba19d3065f003be10a12d6ecc3fbe0c1,1006000000000000
0x6b31fcaff37222edde0c62c2181709223b46cbdb,2100000000000000
0x00a0d64e70c357ce6a7d883db32ecaa6bb6c6489,518755000000000
0x9e3e93fc983d84e6397e35bc5cd3c33783041f35,2100000000000000
0x7ea5c9ea376bee9fa72b07cddd8d667ec0b88294,70000000000000
0xf7702de658c8025b68f34c46198531406abe1bb4,238000000000000
0xe85259c49ec08e6dc39936a1535236a3d9dfc750,42000000000000
0xf442f566026640f2ba6d0b38097609ff180f1ebb,100000000000000
0x8506d946cc63d1f1f3a303d68b0da64597cd64f3,5000000000000000
0x42ba984c1d49431daac45ac96e03371d21e07ab6,100000000000000
0xa5b1cfc8ffb8fb2f541698117fab830d7d5f241f,100000000000000
0x2c3b2af7a5f5d5066a0adb4ae3142d2c24cad77a,2000000000000000
0x7393feb416591d1d317438c0e3a5ad1f62e725be,5000000000000000
0x8eb8d2c57a261553fa361c4ab67b291d58c49ebc,208000000000000
0x70427b52ff47fc14a4c707a938ee7147c993e67d,4538987999966975
0x3693f7ac92a2f2add33df62e0356fd023c22a93f,199990000000000
0xa145657f6276f2d320168a1229e8d60ce046b48b,120000000000000
0xe73a25b58bf440d8ad53eb773f412a4e89e22719,216262130847894
0xcff96ee0323e7c6102af1b92d6076f7b24a1dab5,935000000000000
0x8a654566edd646283c920e3225873fca5370f489,970000000000000
0xce92f3837a58178f810d9f8dd433f7f34d8e3eb7,200000000000000
0x1d969b06617fff52463132cf8c4b7d788f8fcd5d,20096000000000000
0xc1c9227eb9d85d22c17789d460a87b0e3324ee30,127000000000000
0xc82c3451cf236fa1c3c19f16197bf0f24c91a35c,1055000000000000
0x2107094816caba9bf21fab621d16252c08efe995,1000000000000
0xc662571fd653a3bc06e09120e056b6745e58d584,10000000000000
0x54a064de4da767479f8dbb8a128c37e84b0f8e89,380000000000000
0xb321bea2e7aa89d7dba4ccca238ea4db0c00077e,157000000000000
0xd12d60d19c430916dbd8a2fb2b546cddcade460b,1420000000000000
0x0496159940313d5feb03212a7e78b73a972c61d6,100000000000000
0x2dd37df5f8d87bb1bec46346ab7f5cb9247a4026,239000000000000
0xf50183d6eec0a62846761419373568b38a732641,9700000000000000
0xfa6190e0d1346215d67d3db15fe89940cb613f10,2197990000000000
0x293b15249ab42922aadf92f1dd6ba3dac579cb2b,455000000000000
0x8158a685173ee11c565fa4685a2fd64f8bdf9c4d,400000000000000
0x78ae1663acbc359da6f16b6bdcf2928eb38e5a21,2444990000000000
0xcaaed987a3f554b5528b16d5f1c57cee324427d0,150000000000000
0xc67571f1e3a16ffd8fece3742e44fd80592e2411,300000000000000
0xffb07d57666181f02f61b101e91161cd9a54a14c,39000000000000
0xbc20823fa48c2906db753e6a16c2d9acf154b818,15000000000000
0x1fc1fc0e588fc30c0f4561e380c7937870df7ad3,3157000000000000
0xebce125b6e0ef358b704328efc9a77d3f51e2cb6,100000000000000
0xbe2339361eea4c3da378da7b1ee2acd6ad387316,100000000000000
0x8ec864754b0e34c12d26011317c7d8e9540c45ba,448000000000000
0x4da4dbdb7eb962af6df1d9ddfdbb7e4784271d7f,2500000000000000
0x5383402964a33845a163f608dd142d29f6e842ea,704000000000000
0x17e1c26c61b503b587b01321a6efe4a625bc34cb,23000000000000000
0x8a929b313982ee1362269d7420e2e6743d112bde,50000000000000
0x7df7f0c85d14d0de2e6264c45548654a8fa66d00,100000000000000
0x55e220876262c218af4f56784798c7e55da09e91,100000000000000
0x51db06f8804abe00eca49705e1922df3ac679f6d,200000000000000
0x99a4f90e16c043197da52d5d8c9b36a106c27042,1500000000000000
0xcce9f8501e9f360e9ffade8482c176c462083bef,500000000000000
0x7c621608b0f262eb9f80b448392d1f9b6336b996,8897273558668
0x6ed0bf67ab31461f6172d130f55becb43623993a,345000000000000
0x09fb3df1b29e94078fbd2bb21b9c6cfb28fa082e,198980000000000
0x3179f88ded783b02e0ea90d44ce5c584acbd9f3a,128000000000000
0x04c4cc798616dd45637c1da069b6530ae7873f15,180000000000000
0x0422acad6a94ff6bc758c7c2b069a70d2dd568cf,510000000000000
0x03a4d6a6e683954e411161dcaed2ffe9a4abf626,31000000000000
0x55ce2528082a7740bffe5218bfbeb38df0c33a39,100000000000000
0x644bfb9a8c5422a2b792328298799d329478fc86,100000000000000
0xca852a1fbd35b557c221166f8e75ab714d01fb9d,2000000000000000
0xed1a467823d8e8b4fda0d68e6e34bf405f4ffb9b,4990000000000000
0x8a667933fd53a1cd4b19334ad229f49ebea25119,1000000000000000
0x13295163a7dc6f6a35b078db2aa164c24173c843,400000000000000
0xe04198d5f13ad92f61785c808b45e84795454292,428000000000000
0xcc780b91554fd14d0d31461d67e61a251f3631c2,7000000000000
0x53378e9920b7339f6068bcadae336e20a1d6db5e,497000000000000
0xa893d91c8bda25271d5ff4de1f8aea3861f33b20,100000000000000
0x65f851682d04b8c68a1ee99b219a754b03dec725,10000000000000
0x6411f5975973de843bb0a9b8cb50fe6384ff827b,47000000000000
0xa76b46e214519b7a5973278218bf0e22dbb920fd,52307000000000
0x46c912f0d054a081349a704b89eb3f1c133dbd10,513000000000000
0x2c21e83a76b2dea9fb85885257eb1ac3f82da450,553846153846153
0x42b0c2ed0c2b80669ec92bb2c302ac6802ddd592,300000000000000
0x1618fd1bfe7ff77f9efedfd2cf271bbee11d3faa,300000000000000
0x8574eb1547499ed1f59f318c68e2aac405c602b5,525000000000000
0xcebf46c9e8cdd19ff37e22f497e670901a783986,11000000000000
0xa0be78d2bac6a692adba423c7af50ec86a18bddf,5700999609432916
0x50a23c19fee9c728efe6c645a2605cacf3d79c7a,400000000000000
0x55a0b9df8c0e2f8bc4a2af8e88cfc15b7fc1f95f,305000000000000
0xabb3acb9001ccc21b165bbb8a56db6f38b168df0,100000000000000
0xc9036a3c048b6602276d26d11704b36dde9d6eed,97000000000000
0x1f77fecbc6094fa0cd8a10398f04918d8a4fb47b,2000000000000000
0xaeb4d487f4066b41af8f99f30ec3ad40cd47a5b1,227743904
0x0bfec3578b7174997efbf145b8d5f5b5b66f273f,2500000000000000
0x66e8f875c6840adef012320fb50c7e3264f321ec,100000000000000
0x608a6d8cd5aa68986be09a9d307481c5017fa88b,1265000000000000
0xa6c924d3d5d0d704a2dd14d117e9ac344aebb7d9,600000000000000
0x9567d18b79405d655698317f8cee641438577061,98
0x057d516978a9b17ef53b44bae182540d39a1fe80,13049923076923076
0x0c2bd8cabe467bc0409a9ab84a0d7538580ea3d7,2772000000000000
0x20917d1896b515c6f3397ac25c7f654db96cff7f,1000000000000000
0x1f0b37c75bbf81e3f11977602b08bde3ba5a82b8,5800000000000000
0xaaabf388d0b2996273080345f3e0c7da3bbf725e,1000000000000000
0x319fe74b64e6d91d58fb61f02cdca22e6ee43bdf,1908000000000000
0xa7150354276201ac468b8dcd1361cf848f885406,399000000000000
0xc7c1588912c14460a5abdffc89daa0fed8af499d,50000000000000
0xe84078811a1f0ef00f559e6e560810623447584a,100000000000000
0x28091e33df862922f1a1fc62e60af9f791cb4dec,503000000000000
0xb0a13046793ddb38746db13ce1a3a6a37d8e5a4d,990000000000000
0xf0e87c2b60e3fb70df77e0a5a8867654a7e0c2cd,200000000000000
0xab7a8e9e408a2a6972210e84d62ecc9c05f1525e,500000000000000
0xfeefd417b2222096cfe4ef4194d61a4767cb089e,495000000000000
0x0065f687fa3b6b9d619ac7ab0a68f11b8ccc02c4,3000000000000000
0xe30fe16fe1a5eec93cb3fbabe2458a96e33e4e7d,12699000000000000
0xdbc18df5fc8ae3652817ebe2a5052e12b812adf6,625000000000000
0xde4423bf83a34fa9eb17c0f9e5e80bfe61cdb815,300000000000000
0x038e45eadd3d88b87fe4dab066680522f0dfc8f9,5000000000000000
0x425520865169c7a387e9bd3fd84ea7a3ac923014,7900000000000000
0xaeca5ecb0121c1dce050b715ba94f9f26ca69706,1000000000000000
0xd63c527a11a90b3235864813eefa2a79e08bf584,2408000000000000
0xfc5bbc2bbe5fb0a9e2665a7a9f2290ee34d3c64e,178062332030000
0x223cfa52d612d3643fc216d4e53be2b8c9e2c180,200000000000000
0x3d40a9a9ed6495c86583474a7119c26d0952ea60,214000000000000
0x9bc22f3babe0a4b32292abb7a25453126b115739,3000000000000000
0xea55e49dc4d1461f3faa20a360f40cc2dfd5b43a,779980000000000
0x93a2765b7d6db1577c0a60e7175194ecc71e7ed6,500000000000000
0xa0c8ea1ee10f765b53a880ba053f1a1fafe7896c,500000000000000
0x17cb83eb3c6971e14ef4d8b57e21d4e8cf3e5ef4,4000000000000
0xe4f86c2ddabe7dd22dc308a36d488840f73f6d36,100000000000000
0xdf2f87ac0935b61c51bc0f574cd2875503860211,1000000000000000
0xba2680eae92d3f56edac36d449226033010cdb27,100000000000000
0x2dee5c97e1225a93433f73bad692f2fcc6236929,25000000000000000
0x8b379667f766acec8311308b40372f93575be5f6,262000000000000
0x16f76972144122457cdaccae1255150ecc4554fb,181000000000000
0x3c12c57a05780b6e97360392ce18f1ad92fbe0a7,909000000000000
0x6a2a3a7531ad64755bc1ba85b509f908e39a6f4f,91995000000000
0x6e5841a0981d86b6926c87e97b2ec55fa751e5dd,363000000000000
0xb49ce88f6ebbbb84a8f088f9e38bda207ccbd0ce,2586000000000000
0xaf2a780dc73a0697eba049ea8bfc46af50bda521,1096000000000000
0x546d9e8e8365c2cccc0cb70a8417d6e0d659ab32,249000000000000
0x617057bf5415d81fe19f8ef2cbbe4a9ee4c46da9,13384615384615
0x011d9793dc83fa9bd623b15f01e59dd436a70dbf,2785000000000000
0x1e9d02f54938bd4799da0d13d3ec0e4b5a3f2875,1666000000000
0xf9d368a03d60919b06938e46b1da19c8ea1ccbbb,454000000000000
0x0de6f11176d948affe127ee926ef2388b3965d98,122971600911505
0x1d4d248180157014d0e8ca09c48035f71ab10048,454000000000000
0x00d79bb5ac78ec8b59531c9a795933d30b141135,1408000000000000
0x36ba245f96ff9e5ed402a8642deb169f72fe04c4,300000000000000
0x9d8bfaaa9cfb5e8a25c3fabdebcb68b90f0ea512,181000000000000
0xd0d411e25b06aa4f9ce7abf285ee154d2debcbf1,545000000000000
0xbd9eefccafc1a57f2963b74dd129f46b70c6e253,1021000000000000
0x9dafcda2904345e0a68528e4d592efdafd000128,1818000000000000
0x54d3b757e842a0f9412d0829d6deda06f23e7416,181000000000000
0xe5cbdf4d831fd46269c12ae2e4fb40606af802aa,90000000000000
0x7c67f807aaa2f71f235b86c90076d0d533385037,2727000000000000
0x67e53197d892c209da1a32056d5e8be98475dfe2,702780000000000
0xef02d350c1378ded0f99f045566879bcae3070c2,90000000000000
0x9b940f26448ae130ddccff274fae9ec6b9d3d51e,909000000000000
0x0b85e81af385a7079e40b75274154b70ab0b6065,2272000000000000
0xd06426c1340ffd26eabb99f2849dbe6f06c5b806,904000000000000
0xb70dba9391682b4a364e77fe99256301a6c0bf1f,181000000000000
0x02e920756542b5be7c518a2bcadf27546d3a18f7,9000000000000
0x64ce7702c9fe723b70ac9d5c148d09b1dc739516,86000000000000
0x00f87b315d35f1e87c0745852c94266959396bea,92000000000000
0xe3bdd387764815093e01b299b64bd0465ed39623,2272000000000000
0xe950f487b12307de7c7e7b70c54223c8ef85656a,272000000000000
0x3eaee8aaf5d46a13acab1369e4023b2db08f239a,909000000000000
0x791ae0438f0b8c345c99cc5b67466ee4685a8a13,112000000000000
0xef58321032cf693fa7e39f31e45cbc32f2092cb3,20000000000000000
0x382335fbb8bd62cdd660836f0fdfcc61de832656,13000000000000
0xc00f25429630178d6558baed0135805464e98c05,15265875439721
0xaeb491e0737497503958100d8f196c0d97dedb49,3653000000000000
0x651135e87cda637d4c5e1eefe7be6bfd5d72887d,363000000000000
0xd30686758269f19f4c346cc347ac4af0d8628caa,90000000000000
0x497dbe19fe3291e6ad4b5a7e1b4810ccd1e033ca,454000000000000
0x0d1faf9cbea4b2422c0c7ae8668b519df359ed63,45000000000000
0x47e50b44318bc0f8b48d4df28ec745df4c379734,5054972000000000
0xfc28869ccc96e5a7eb4c67b81fb787ee95d20e99,345000000000000
0xba508e6c59cb994a6d728bc046f16d1ba615fe02,3636000000000000
0x29f2db3aa7b8d6fd0534b7b63b4916fe0cf8856c,1818000000000000
0x80b0bc272bbe685b3735abecf23ae1e42a9e6521,454000000000000
0xfd3429c935e881cf71e060ce8846138422f747d3,9090000000000000
0x4443ef62717580231ae02d3029b9cdb52e04932b,34000000000000
0x00edcb8c17fd950f4783ad5989c685d62b4be263,8000000000000
0xc2684a632e3a412225776ee11437eae5174e3173,584450519999999
0xd52cc4815e2837b53cb73ca3856783b4b37dee2f,9090000000000000
0xe089045e0c26b585f33d060c41f54b86ed8ec980,454000000000000
0xcdcd632401eb9ec5267456754d075ef7b5a65fc4,909000000000000
0x273e8d3411fbba5be32b20b1fa975607888f5dcb,47538461538461
0x2e3c27899d653db93a2b2dfc3128bad8d1203cfb,90000000000000
0x86966f4ebf6f435c29deab9a89da0f25331febf2,90000000000000
0xa5bb7a17a791f250ae59cfbc8e56556f9754ca99,90000000000000
0x6c6098e3dc1d4c79e4b010dbe86f15aa8abef51e,1090000000000000
0x06608f5ad0101bdf2786a6a47fc694c88a625a73,2272000000000000
0x4bdb1cffa8e8f45bb982fb3b8a6e9afa87f4ce03,1000000000000000
0x262e9e0dc413948748e361a9e7109fce57650198,4545000000000000
0xb2727ab32d7afc1ffada93697f5df9b82889edff,73000000000000
0x31a7d294669dc06c809441819d5cd8009026aee2,452000000000000
0x37068a21e45f9f53581f0877ae7ac1a11b377d84,137000000000000
0xb2349d70251ec12ded8d53cf15871269fa0b007c,210000000000000
0x85acc8b8df537c2534fc5cbe8911d16f6ac85604,4672000000000000
0xedea3b015904bdb1953621489f477e7b524f02f4,17015846153846153
0xd5423b309c7e799e3a82cf13b087a2cef5d81466,54000000000000
0x01b2087c9ced0ad845f92f47f1090c8e62d56e61,1363000000000000
0xcf3fbfa1fd32d7a6e0e6f8ef4eab57be34025c4c,909000000000000
0x5acbdfa57e751f796677ba05ca4c5e53e2d74bf5,1272000000000000
0xb52ec195514d393e404548eb5892051775ac208a,272000000000000
0x7063598c2077efcb8ae9ea532599f7bf2580b0d6,125000000000000
0xb8eac76bd1e6bdcb6f5d2182c684e0417d044ec3,2427000000000000
0xf8698523d5db093c69a64acf0dac77c3b9857327,181000000000000
0x8fefe8393817efc011e2dda09f37944720353826,1272000000000000
0x858f61151dffd30af6bbba3600682974abb73a22,86706545770000
0x1294c3c2dbe51fdc96d2babd8622f3ac61e87540,89328917239490
0x00451801e4b276eedae3d6ad5ffbe69a4c78b5be,424000000000000
0x120c322c0b1477a5c2eeb6f9f06d2c98797f485f,620202960870717
0x952a3dc07dc332936e3f77ce35635bc9c423bcb7,1000000000000000
0x3a848a0c9b3979ab9b1e54e5c67b2e540c29fc3c,146000000000000
0xd0ee495680fbf790136b73ed5547a07a7bb979d8,83000000000000
0x51d90edfe5f4abcfd456208e0c6a959b9731792c,582000000000000
0xe1e59a42c44b6c9c501083562de832f4a1f9043f,249000000000000
0x0c71fd5b40cbb3955466d9840f14a7f6122b128b,166000000000000
0xad9850c271437b1f6ce2954bdf9bc8c4a7f82830,125000000000000
0x9170a2f62c3d81fe64ed050722334ae24ba618dd,41000000000000
0x508aa872cfbee17cf230de4d267bedd2454bcc0b,120569709307692
0x7875e33ba9d0d0a22e643eb09d3761153eeed8c3,15000000000000
0xd663be6b87a992c5245f054d32c7f5e99f5acc47,2666000000000000
0x3941600ea15ca2b53668a1a01ff9d6c4f75c2a34,83000000000000
0x0a226d40c1d0b04dd6b12cc10a0e6accd73e940f,91333333333333
0x3cab307fb25619cdbfb8365a99210ae8139b38cf,125000000000000
0x35538f5742ff739e3622f29db1134a166e20c5f5,93088000000000
0xa34369c8e3265dff5b1fe5a231061828058ccbee,954000000000000
0xab056397b8f2a7e8d95381465d0ada221e096d79,17000000000000
0xa002ae83909a0913ff1ee9429173403444f576e3,916333333333333
0x90fc1f495111329a1669716a149b7da88bdcb234,726666666666666
0xd4d7c97c73c7d389d2edacdb38802097b1689c22,833333333333333
0x15a1937fa5c9464b47702999b10a1009943bcc7d,10083333333333333
0xdf18d62d0db3ff986cadef0f5cc9b988897af5dd,166666666666666
0x112cedfaf658bf90722b0257b0eba8f8193c7f94,533333333333333
0x6bd77fb465448709b8bca2a814dd2b72fdaa2858,58333333333333
0xf9e270dcf46298231997d560aed91a94f980e302,160256410256409
0xfc254a7f775129c1fd90cd5b11f54ada33e4eeb8,8846153846153
0xd6b1901baf0d2457bab136b23ba288e6dc54be4a,83333333333333
0x1ef0357d5747c03025945a433f64615c3780ab44,90833333333333
0xdb90a1f22e6ebc206a8170ced7d9bf18dc583848,200102564102563
0x2ba0cdf747432c311c28aec56ada90de67bc477e,1666666666666666
0xefe7235280ee5586f8e11a406318e725f5af63b6,83750000000000
0xe1c8a052294f654537916d2f0167fbd61b79994c,160000000
0x255e80cfa374a361ec346fd8a67ca5f2aedb0d8e,945088957953333
0xcfc643693aca9df6abfaaf62fe384c3c8a470ee4,90616607996499
0xa573be7046cc06acc03da0a318909155a26cc8ce,16666666666666
0x6e2f397e4a349b50d2c2a74053cdd6730edc62b2,24166666666666
0x5471537e358138d151089a93c209d73b5eec8b17,416025641025640
0x6f62ba4a7d3c43e061fc414069e965065d63c40b,4333333333333333
0xaafaed25491dcc38571f1211a2fe8789301025d8,2191666666666666
0xcb373b14c991207892f3f5d45341cd6ebf3c1b3f,83333333333333
0x47f154fd5f9c3ff470cd34bcf75dfb42da98a9e4,395833333333
0x7bcc82729f619a7d6ce27c2cc04a9ee92e91767d,167666666666666
0xfae3158558ccb2226f7d8045c1ef87348652c3d2,20833333333333
0x9c520c675beb6ea07aaf6f850a6bc4cd0724b015,333333333333
0x97975f7751ed766832eb416df7fcd79fc840795d,374999999999999
0x943cf58d9510fbbc2327c239cc33756dd5ed6453,82812500000000
0x05cad959940a6dedd3ca76bdc6a580036505f26c,250000000000000
0xfc898b18a70ce49579f8d79a32e29928c15b4bc8,208333333333333
0xda486c01658e99a065363d159c1d19f36da2d188,278083333333333
0xae678ac75693d5603b9069b7b1d2c71baf82d2e0,32916666666666
0xbc2876c3222be03f8b6265ef2a55b1ec7759efd7,83333333333333
0x6c301ca0b261dd35f090fb6452a6f298193b6cc9,8333333333333
0x5332d152f7747743c7546d2cc8dbd030d63f6897,200000000000000
0xae7b7216f72575ea4f124a5c805d4a0483f67185,3480000000000000
0xad3714adc80344efdf68a3f012bee31764d4ccb3,130779008333333
0x64fa92a76f2b0c0dbeb61203a1573bdf7e20a99d,769230769230768
0x964acbc28735659d29dbf525c9019f17827f64bb,153846153846153
0xb0b7e3302606b920ad06f81ccd15e4069501387e,7307028470817474
0x9345c50fb2158d40a09723a7b414dca763bf8543,76538461538461
0xea5362e7e3ba757c71dd6d6c85c96aa6f2310585,7814447648721
0xbc80dfee3da84591d1b2b9876484c30a2d143721,192307692307692
0x6f396f74fd71db6f5894345df0dc54830b3d1b31,37069230769230
0x4f7837db31ec5ebe3831f71af56a9b62281a86e3,37692307692307
0x355cc06325105b1d3c791ee399974b54a0f70536,15384615384615384
0x136d3cc3aa2842961772d75362a1d7f4ac4c7844,95000000000000
0xa2c2d025d0889c8d7cc41d5e376bc051d0ee379a,3546153846153846
0xbba8945e457be9707366a8920856060199ba0d96,83846153846152
0x1b0d9cef7ff16fb2dad8d370411c0f536fcdcfd0,915384615384615
0xe2c9e67622a0b1172ec9d2c7f11ea37aed2b3740,310134798333845
0x0018eb7bb86cfa184977fa81addf1a07dec72ee5,153846153846153
0xc592e9f51c214b7b2c8b442add12fe4aeb2c2849,76923076
0x69627825e25113e76a2b2ca03cef544c0998c7cf,60000000000000
0xabc0c70c3dac3adc85107a24f34d07df89a35f2c,102307692307692
0x7195e827ba37adc2f07cab25cefe275a664979b7,38461538461538
0x4b38df3dd547969e63aea2ee1bdb13f2a32b48f8,84615384615383
0xe5ae51871f3b58e4be4c29783d7ff8571473f488,2517105899999999
0x4059c040d183507e5852a8fafc93f17766bd8c1b,259230769230769
0x4b43041e418b16bb7dcf94a09f721cc73574fc04,83307692307692
0x5664d1a52a50a78b3a87e1fb8a57818ccd64129e,260535880769230
0x49eb1936d67c9ede1f8f6d89535c26ce75d24956,158511384615384
0x5de9af34f218b291e192cb0beaa1f39b38f85177,1325948526087097
0xbabe9609a7eb36d921cd5707078450eb39d19485,3304844363486
0x0297f1a71c9186f87e0c52572d2500055530f01f,3846153846153
0xc9142956e926e6481b5924e5a674eb745dc2e847,3769230769230769
0x6a9ee6ed4c13f8561f3b66fecaf78b804b015a44,47076923076923
0x327b8761ad6cc64b7250c8de817386bf7104137b,13064103846153
0xc691916d52ca5b654e565c013b64ed0158920214,74262665384615
0x006c6af83451fd0a360d61e2c8a6f55fa82a5e2c,2515384615384614
0xe8ba009b462fe14e8f0b44f83ef02a08f5d40bff,1922307692307692
0xb02a3aacd7b3e9a5bffb918921d55e8c851f84ed,154854076923076
0xea7f045a7e32ab741d04b8d1cea9965467423395,1690000000000000
0x98922aba71f9ad3dc7d1b2e4e923d4317dc4eebd,76673378461538
0xa10cf6d3112b30787c4b1992cfd621096db4150c,615384615384615
0x2b586810d64129c89043738e77a8922811464eea,384615384615384
0xe1ff4c17672c6bf6702ba74f074ebb855153ee9e,2945612126223076
0x1df46f51c2e39690747fc0877afe461f218aa252,269230769230769
0xf2430175ac334f7f6b67ed8e23357bb6798eab1c,307682307692307
0x6fd4e1dbf05033a7c4290477d7448e9b0a25babf,76923076923
0x5fa3149325b575af9db776e457fb784c7c8dd75e,384615384615384
0xaee114313823ad8fe347fc6f9316b0171055f99e,76923076923076
0x7668849fd1c12d5ce0700940ba82234d5dba2757,384615384615384
0x4ba2228b3b9da1a8016957b953a8bd327e6d301b,230769230769230
0x88dc1bbc021d54716f4be0dc713049318348fb76,846153846153846
0xd83649bc30a59706472b69dbdad746db1d76ada5,29164384615384
0x424365359eca7d53ab2843f78a7c588fe915589a,426317401476923
0x18402e3fabe5f685755c7396469fdbffde898a56,16923076923076
0xc18ea8cdfc2578535fe8d1cbaac7ce49e53b61ce,76923076923076
0xbfcce6e1cf141d9893c471e389a4f29b761fbd42,7692307692307
0x407140937463153becdd2c6bea945ad7d3e5f8bd,68656459230769
0xb35f7a2bc2496fed6e3201cdb45afd18c30cbcdc,76923076923076
0xc6b1e0517995a96a9275cd305257c78a0efe3320,1769230769230769
0xa3a176980f27e98b3f25d898083eebcd48024764,76923076923076
0x2fb5c35045fb070ff5efe0de7cd1cca692bfe1b8,76923076923076
0x3b1e7c28bedcaea9de25edc158fd424a8a4602c9,769230769230769
0x50d883470aec9b56093820b84c0ab8e54cb3a2c2,76923076923076
0x00a3f1eeef82c8085feed4e2c00efd4980eb66f3,76923076923076
0x6997016ca4bb4cd13336d59157839765d582722e,76923076923076
0xe087091052069ff80f24db6f9aca08fc6c591043,76923076923076
0xef69888078c36c4d8f57eedf266dd3e7389ce231,255365384615384
0xca59e9d4e0f590620e4c85ec2d813bb27de980aa,230769230
0xd67449e6ab23c1f46dea77d3f5e5d47ff33dc9a9,1712120229230769
0x3c6211a64508c45f5cd9fee363610d9dcb6000ed,86999999999999
0x1005f10cb3b86c0c9841be3aefb3c069eb26d325,17491290032317
0x41d774f93478ff020afb44559868f1abda1a0508,126384615384615
0x9789a78834d5ac3d288229322a1b89608c0b50fb,384615384615384
0x846f17ccb47ff9ed595b35982d969da09409a08f,130000000000000
0x82671b5eaeec53dc1849b9cfb4400c02c1d5e65e,528461538461537
0xa5076e39744f5a54ffd0cff9318b82eed297521a,17655461538461
0xaf5799e0d871e0ecb10c777914f18ff7b1349c29,228850073846153
0x1a8d16e5ee49db3693861d6a996f78f70584ea33,384615384615384
0xb892a5d1b30cdd61d3c1b8d3af1318dd486e9e7a,76153846153845
0x354f6df0af80df8d0e65363837485c11f58e371f,769230769230769
0xfffd3d27f2bf20d4eee26cc210579d24bb90ef3b,439781440000000
0xca0358e11faa02d849976ce7fd4131af39d328d8,53846153846153
0xda47eb53b73b572ecb052e7451ff159e84c69ed3,23076923076923
0xc9acc6653b5a0fa5dbcab701d7e85d47936639e6,15384615384615
0x00e20cfa73078728ff3302e8410563776d0c7205,1615384615384615
0x7191e1de59dc68f2804b65dc94265b4075735768,692307692307
0x1c38e6b7a886a8d5dde7c12ef896a0352abd5775,76923076923076
0x5636994758a1a3f11563978cb483ea356dbfc168,165461538461538
0x28312e998220e33b6540d92611276fae694405c4,37324077692307
0x84491bd79eb704247bdd1b2645094b87844f3202,153076923076923
0x86a3cff1601b2c6b4cfd77a3b5e0d9fd4a37c9af,461538461538461
0x4982d93b72a094c99729e7d78ae544023521b789,15384615384614
0x13f0ccf7cb4374cfbcdab1d875b1265a4c971e75,307733566153846
0x5934232a89b71562c9a98ec843500310ae286d15,152484388461538
0x386fe9f1c98b63b36bc0046fcd92c12415dbba54,153334892307692
0xc92ab97d88ed30f0ae04401daf20a124f8042d47,76519230769230
0xc63cd7882118b8a91e074d4c8f4ba91851303b9a,76923076923076
0x2b69459a584f3973585534f707c6c4a6bd98ce37,283846153846153
0x26548df0edeb45d755ae7f16c5ef17a4443a9a55,45384615384615
0x15215b71dcbf01bdbb9afe144262498b775cdf34,21210769230769
0xc8afaccfeae1ca315a13d0f21f5c94943dfd0944,26923076923076
0xd61b049755f35a6f67fd965688f08acb73231a9b,84615384615384
0xf67cb43dd6077672d67fc206d143472d1b9e702c,1497269454054454
0x16a75fccce5f67bcbf8319cfbf0a0e4d37834b36,192307692307691
0x838f85750e8accfff95e61dd7bf3d339178df3b2,1009307692307692
0xc43c188983c17281bc3bdc3d1d3890fcfbeaab6f,106884615384615
0xc2df08c72c6b2466dec02013fc01b281d493e6a9,1447544469230769
0x95208e2b3c3da6c8d5da538b6dc90304275ccfdd,14541676923076
0xf8f2e72d7eb3bcc12a8c4f9d99bbfee4301819b2,769230769230
0x92fcbabc1418c71abc99998f95f00a0168b4dc9c,500000000000000
0x7841ba79b70b9afc8e8981e8bf5acc5a35ecb067,306153846153846
0x83a1cca4d6154ae295b20dbe7b8a856014dec81d,300000000000000
0x672d94649b035f644ee28ffac3311c2ccc8ec7c9,1538461538461538
0xdf020b60c5488ef059d76ad85f091b8ec2a8de74,140563076923076
0x5d84f537c3dafcfef45d7df4536f220f2df0f280,76923076923076
0x7ed5662287737d017e6bd9a75311833e053aeaad,9230769230769
0xd68417fdf1a17ef7df334526d956d91985a3e9c5,76923076923076
0x1a8a67603eacb511b6aad692061bb8184bf0c5d1,11982829099286
0x55b30722d84ca292e4432f644f183d1986d2b8f9,42307692307691
0x7fbc3e04260d696c92ee6e0d29595dd703642dbe,1537673076923076
0x0f868acc5078e45f14681bf1ead410f44879362a,73846153846153
0x9548f58e7204078639abfe1c700c00c069fe0d40,307692307
0xf23b70153aa36134510c97d4d0a1a30434197d4a,384615384615384
0xae0c545c1ccf6fb63767f62fb8c99968cbd82f5d,38451538461538
0x524a3d01696aa50f953d31ce393ec6e973d175c6,237346153846153
0xe3e9e6c4dedf4a0818908fcd1eba7b0b83c4ef8c,31878170461598
0x86bce7482515fd5fd81fbeb0442440e8347d4b31,37288461538461
0xafb118a00912975ff6df525d49ca6edaf5a12d9b,153461538461538
0x7dc36617f090e6c43c8075a2e5fea49576454e89,124605384615384
0xfa4b329b7892e5d7663d4c1c005a5cd5f403f564,76923076923076
0x47a3e4391f7874fa4edc5c969a745bd5928e585e,1718156352691052
0x5ac3dd6719c492645a253ffb428a4f2bbc021bd1,153846153846153
0xaed604eebddd82b8b580d5855d44c4e868304bc5,769230769230769
0x4d04a350a76d03177c6af8e25f977ad52e62f0df,250769230769230
0x1a08bac3fa02c1ac7e12f8b961e3b2ed6ce31e00,301101798461538
0xa271151e64cac72a290fd29dec25f25f37dfb6c3,153846153846153
0x42f02a4f8c14c4ee253ddf19d5a1cc80cc2c1e1f,232307692307692
0x81ea6d41c4edb27456f319191a4b423588db6262,3029075775384615
0xae7eff5198fd478901dae7a42c43c74e8f8995e3,149230769230769
0xccb2545aaf81d791232b9e111f4acf0a182547f3,2461538461538461
0x0f8b60dff2018bc82841ac7829bc2ece16987306,160692307692307
0x3d749675104e6769a193ada56f5d71045ce8aefb,447841530000000
0xe89acafa969bcf345279434297f9e153197cc743,922692307692307
0x16e0ddfe339beccedb729ce5670938712390cabe,2000000000000
0xff519bbc3904ab7054129de014894b4623c45e90,38461538461538
0x0dbd5c58f80acefdc3e3b84c82f3ea06c65b8dff,6622160360000000
0xc6e15caa60943fade4a82038e1c2f30d32263059,20365384615384
0x06c2d0a2164967219bc01124410e593d806659bb,36153846153846
0x7f9f37a862363c77f7bf294b52f0079c5a1b3ced,491436508460000
0x4908a9d5733a6c60bdb177ede7acbd9f034b90ee,167692307692307
0x37cf9e3c22c11812547387bfb9d525c3c38cf0da,19453846153846
0x735633d3e9a3a19dcd23d46236fae0e006f1e023,254615384
0x489b3f604624feafebe44ea247e3e5ee45963ae3,230769230769230
0xed4627a554c5d0182948122733f21bfb79dbc591,76480769230769
0xe2803918b2335ff304c855150eedb43d08c25326,771065904615384
0x148366f36ec6bdba103fbec4ef4433ef72f16e13,751538461538461
0x6e7d5e98509642857b2ab994e325d7197512bbb3,153846153846153
0x002d255ae9c4c6db428f75fb00c8cebe1a4bb9cf,301074418461538
0xb6bb36288b11d695dc9ba801b9962674314ce496,461538461538461
0x66538e02abb316f6b4700ea4213847f6de78b377,749470008382899
0x4d057be5f5bcf1769b7013fbc4f66fccf351fcfa,153076923076923
0xf7cc5cccbd9eef2f4b2880547481f1618e6e019f,769230769230769
0xeb49f9553fa991e133fea5c0c2724e4409acab4a,218615384615384
0x7eb8eabf75de36ad544f0efb994499cb1acf8495,22352230769230
0x38121c93f4a4ebaa9e3676676644e6844cc47ce3,30769230769230769
0x4ede9574b77fd1789f0884a68b70c18b00945425,615384615384615
0x0f22784183ae15b3a040eeebbd6276a263243094,76923076923076
0x29f20f99518e14b14000e2761bdfed88682a6803,153846153846153
0xecbd2eb3f3e3f2cdf61e41f8f47d9de04311acf8,1510076923076
0x6fdbda20f1fe29a09b13d812065f5a2edf4b96e4,20109071690768
0x2af863876ee665116d7319fa397581153685689b,152384615384615
0x007f88667fd90934d252d98c5ebf9bf3126d10df,100769230769230
0xcecf0672077aaf6afe961854577b47b59554c0e6,10000000000000
0x06f83ef88c5447734919f75fea0ce7dd454d4cdb,192307692307692
0xb9675b8e0fc012fbb861fe07807bfb3f7ad3326e,14544615384615
0xdec011497fe8fb646cdd6b7f3d9e8a5c8e61a149,307692307692
0xbfb3d34fe6cb97bc9f79568152b69d2d409c2005,10954769230769
0x2bff0b0547e0efdfc8ab7ca10fd811869d24af26,1434692307692
0xa15fb4813b1495fa8649b58b4ba4f000915f3d7a,76923076923076
0x80c27bc18ff8b13489b697fb1e66fc39b7237fcc,230769230769230
0xe5d6b571542e814239301687eb53124c91c3d601,154615384615383
0x7943fb269779d0db75aea76cc86d714685e0a5b7,172864768461538
0x6201c93a5f9ea2c4c26e091303e75c40887301b3,383846153846153
0x434003dea89c6ed623444bbd11f8313d26f65ad7,2282743800000000
0x98457a2ec9fbb1d83de2e41b63a516e5d4e13974,383813846153846
0xed8999c84e76ed61f22b859b8b73fb1470fadb3c,76506153846153
0x34bb3b0c8b37ca291a3abbd9c35e2aaf69e64e48,100230769230769
0x40d2a6d7e154648315c7c40cb70c6a8a087ca8c4,15384615384615
0xa5184284fa42bcfe0824d08bea9fb8ec490cf829,460945538461537
0x2031d8904a14d8345dd5ad21b2a5fb1ec90db1f1,74358076923056
0xe1a08f47d1e359d955d00845e845ff5bfbdcb603,11000000000000
0x3d24e5a9dc0264337a6ddf661f0a0ff33bcf7642,95384615384615
0xdabe2cc197bba7e317389b5e7883b6a7678b233e,153846153846153
0x8260ebe08c19f08582837a5bf366f618acaeb2eb,38461538461538
0xf30978b19d0c471609840edf3a7cbed4a57ecf51,74231846153846
0xbe24b6d07309d305bbe7eb66f8576d67eaa2c199,153846153846153
0x622430798967f3bd007a20566863c7f91f31b3c2,1826913076920000
0xf8406e0cab9e9ceba8d8a10e50341135afdf1d2b,307307692307692
0xa1508e9b6a3e07a633b974394d958c957cf2408e,892307692307692
0xf75947aa09b03074491bf5bd2645927a3117ed12,469230769230769
0xa14f41551b7d0ca905ef4e4d12888e6ae3b93c4c,76923076923076
0xbcc8bf16e56f426dc1c01810ec864f30a42025d2,24323419283012
0x97677751e84c0dc6b2f598fa35cac91c209e80d2,761066783080000
0x00a57487d3699aa66438863de96328f59a81ffbf,61538461538461
0xe8baf9df0ded92c5f28aab97f13936e7716a4a5b,999999999982
0x64b4fa1d3d622502c8438b04581f704a430b2cf1,1000000000000
0xfc411e57b9236bea554cf1f894c8da878aeb93a6,833333333333333
0xcb32d18e9246bdf932702741315a662114d3f39b,2020000000000000
0xf6edf5dcdfba55f3cecee2a430bb6c2d30a4a1a8,350000000000000
0x47d92e4cc562c7cfed8fd24f384b76f1d9dcf714,3756000000000000
0xfaf3920fe618c149eec4d4b61998bbd241897042,2300000000000000
0xf1fac353087ccb87eafb686ee296d1fce53c8b53,321000000000000
0x67f0d7d19996101a383da42450868d4746793564,6899000000000000
0x231526f8d251f610f7f74e5f6f80f0ca891933e8,92000000000
0x59dc1fdcd50f3291303bb3f0be844649f9f14c7a,1150000000000000
0x00ef0c1bccb4264470f49f6a0c95f702a881198b,1236000000000000
0x8d12a197cb00d4747a1fe03395095ce2a5cc6819,6001356620517752
0x7b6174d119172402237f23ba8c6e1856b5abdd79,608000000000000
0x00c8c5b4ff3810a11ab1cb6c0717b8c2558a891a,3000000000000000
0xae8251863815dfbf026c06878cd25011f2c84914,3035000000000000
0x73155feaca69c897802d06bf3d164fc87e63260e,417524000000000
0x0015f972531f6a8f50117b03b8031c9204639f55,230769230769230
0x49fc5195aad930b4df3ec1e50bb14af3586f0793,3600000000000000
0x55c4be0532b9f45279c015eed23b6b65d5f2149b,1000000000000000
0x8457a38e6bddbbbb90cc1c5b444873f5d30d88af,2272000000000000
0x3849d138f11d5195d970eb4a88d5326b9138914d,2108000000000000
0x87473fd5cf8e1756c70e023b1adf903a02233d02,7043098000000000
0xf59b68fc5574eb409bde26368330c14a70b11dc2,1000000000000
0xc0462743833ab24554eb45c3a9ed08990f40e031,215720412
0x84d96968235a6a60d4f7bfaa77112bcf02e739ca,76923076923076
0x6a15c7b49e8c49591d38dbd0c5808765ed94528f,266040901435832
0xeeeb089c1935b45bf3f474b5698397e0c212ec9a,735000000000000
0x614bc1a334745efd74960eda729168cfe976a782,13051000000000000
0xca1a033a6c1b59a4d6deea457dfe312e71eced0a,1130000000000000
0x980dd5da6eb83c2927d46f7eadb0284dbcdcca0d,49000000000000
0x001a57ee11c643d3e3bac1447a922d6200dd70d1,111000000000000
0x3423b8bb1bc7776465adfbcaf8c8ffd1ea0b06e6,343690000
0x2df3322f706137a368b596021fde6622f6626a5a,8098198923847209
0x24eb7d82166361a8b69ade6fea187cb00fd7c7e1,250000000000000
0x239aa2d158695ac7282afaa90bbb0806e9466563,121000000000000
0x2410a13a5458421bbfa1214497163af5063be356,1722000000000000
0x83fd72457ba29299a7641c9c9f73734d60b2207e,250000000000000
0xdc5caed049687c08e64650e4cb61944ca997607c,20000000000000
0xa592f382cb6947c82da46723340aee3100d97e38,168000000000000
0x471e26339f10495fb787d353dfbfdf78815f819e,20000000000000
0x37f642e38f780c5b34196db83933373ec27e7623,154000000000000
0xeb8664fcac34e577d8a0c2fbf6d7af68439fcc0c,429315572820000
0xfcef7c9d4aa7b200b4569f27647b29119e5bf91f,189990000000000
0x1a91ebae259c84ca767fe0bf1cdbb0fcddb3709a,1540000000000000
0x321728107234da8698f517406c3f3ca9f54526d1,834000000000000
0x6c2e4cd0deb91bccca154f4f702503a49895f592,280000000000000
0x0914e1dca7e6e617221c5fb1493e96c53ee53117,1120000000000000
0xff17913584fe050583854589dcdfcf0412c7211b,2072000000000000
0x6fa0877aac7b4df6b4f007f7068aa5179def26d3,1028300000000000
0x6d9b7d78fbff2ab10362656538e494e95e229b61,378000000000000
0xe829c7b85b5da08e1ff88466c361455bb4c88b6a,658000000000000
0x98c2273460c030f89d07a4d04985cf9a8710f2b8,168000000000000
0x50259e6cd03d1a96b58003f52ecaa2c9557a93f8,1597378687380000
0x4f989662352f07cdd3485f42af7f1c32bba0e1a9,280000000000000
0x7e0dbd8ff34c05b89c72ad6637d0d648f02f203a,1274000000000000
0x04499ab5374e1adbcaa47d5765820511a5c89859,840000000000000
0x9183d51aaa136bed326ea6255e634fc30caa1615,280000000000000
0x958e29d7a438391b2d1c4fad8101f7c80a9dc795,64495345
0x8c03ce2280b786472a1ed333aa75c3272c37cf01,5750000000000000
0xdc5deed40c8b677ea6dc1ee22c8bddc282a76195,503846153846153
0x50f5f544e6770ab782c9c70258361c7f37587384,7255000000000000
0xcf54a9d823d5e08992fcbddde1a2ffd4f8baf064,2624941
0x41363408e35a5cd4dfac024c70aea81e0e1ce239,863910032171
0x373c55c277b866a69dc047cad488154ab9759466,201000000000000
0x0b6defbcb50027f7230bef6063463dade47a7b2f,90000000000000
0x3fa8b20959a8988fe9ba4580d37532c783d756b5,200000000000000
0xcecc220fc08069f91875d61ace008ece14cf3fca,527563914070000
0x394c426b70c82ac8ea6e61b6bb1c341d7b1b3fe9,30378687380000
0x12dc169f15a10c095a3ff235f9d7ffd6a1d19a13,30378687380000
0xf177015d46b43543b68fe39a0eba974944460f6a,30378687380000
0x618f1a2a365eadba0f38ec611c5472521a7cbb7c,378687380000
0x3097b4e6b308309a7001d111d29889630a0fd1ad,100000000000
0x082b53c60797af3ecdcb072a57b7bcbc1729bceb,30378687380000
0x6fa58e8f5ace80bbc84f5ca965e1684761b37db6,378687380000
0xb531ba5eb3f791d28088693039986b9e33ae8ba1,30378687380000
0x75401845de6828260e35a9bd8a20af7275a7ecd3,378687380000
0xd2013411b5f560c058512b40cd3f6d4c30dd1ea5,30378687380000
0x0dea73db70953d682627bfacb26153f78ea546b2,8687380000
0xf08b9d8211c2ac2f1d18cbe624acfd75bd2ecde0,8687380000
0x3d27a1dced86a2e624393163326adcfaf992852b,687380000
0x298fae9446ffc867aae2ec95c9d0a31c31573a3c,30378687380000
0xed2cf60570a171304ca0ffe98f5db3358f3c2832,8687380000
0x152bca92bb7ae1024a6f77270b6ed752f12d8bd6,30378687380000
0x5b345628c40a42bb7baeec062508cc43144f2377,687380000
0xd3e61b8ac38ea38b2a557e878130ce2dff69da75,30378687380000
0x741e92aa5c2df560e6ae797c6ca417873cfa4be8,8687380000
0x011fc3db9fdcad3a70e5092b668735b7bef0e1fb,30378687380000
0x1e2520bdcc56c78ac1c60ae9710656dbbdf6d5c9,30378687380000
0xaaf58d7553fac13779776c0fcefc2ca4164a3832,30378687380000
0x788323035874a0ebd306e40a865a70a012766c7b,30378687380000
0xff58d3b67a8b109e3386ff9a89555f84c60c5b7d,30378687380000
0xb9cde3b46a5f8c7eb633d6dac0cf054d3ce64d35,30378687380000
0xe3d8a8b4a4aa87d11af9307c95db5dcd3c5f2841,30378687380000
0xeef53f17ece62acb94820d17a53c8fa7610a8ab9,30378687380000
0xf06b394314cc76bdeafffedb08368c0c04188311,30368687380000
0x890a20aa257eba3650f965343e731f3b2bce9036,30378687380000
0x0fef4e3474010c863a2d3471dfeb5460f11307ca,30378687380000
0x251402227bce7264aa6c3813ecd6f1e89946e232,1913555317970000
0xffb8e00f4aafbdfeba3066cb9426adc0e74e2071,61873160580000
0xa44c22dce05acda274d77f743864c32c804262d1,30378687380000
0xd291bfd2b1d7c029bbd728ae924295f6177a6183,30378687380000
0xce20e0ce916ba26e2bc7f91fe82ab5a95fa5c80d,30378687380000
0x592b4efb86d5faffbf182694641d2df226c3b49c,30378687380000
0x7452f4074605dd376a46a9fb664843447194dc2f,30378687380000
0x1417da43c7379bd07f9e69c1458729a830d3163b,78687380000
0xc63f83538274e97ebb145d045b83808a68ff3328,78687380000
0x7f40bc91ee6e0abbdc8904d326bbcc18d958d1fe,687380000
0x9f4f3973334753a9abfe18a9b6889192c51f2876,30378687380000
0x99bfa839af48e5d56554ba99ab310d91634b1c01,30378687380000
0xd113b74adb5c89f5bab1d8131f26daa43e487f41,30378687380000
0x006bb1a2f867f3047db79ca36a176620cc7f623e,30378687380000
0x0190a8cb265bdba59f4758c26e17ebaa56b0ddf4,30378687380000
0x3efdd8c8e47917a9c8ace90d690ce1034368128a,30378687380000
0xcb03f2d32ae27f69cd9950901aecb704560912bc,378687380000
0x08a93296af5057cd30841c5bacf4fc0c50af3328,30378687380000
0x2f5cbb89eca481178071dbbd75713311e04ff973,30378687380000
0x995ece426fa3f1641547ae3308d16b02fe397c59,30378687380000
0xda619ff35b17ff87ee81063c078f3830c0fa4783,78687380000
0xe6291af06f27893395e529f0662302b8f45a86f9,30378687380000
0x9e9293abd836047962d2db75942a566884335568,30378687380000
0x39cac9765fe2e4be47eb2e0e28002711362a60d4,16248687380000
0x905738aee56ede71ab9be9ed203d5e701a95084d,30378687380000
0x7b37e8060ccf29c7c98748303250d6f73809d39f,999800000000
0xa69c8e9799e87a8e1dcb14aee121ebbdfe6a734c,30378687380000
0x84ea9d0a68f90847f23b4f9f1a4f6a1f6607b454,687380000
0xb261ec53a1b69133318fe27c083c2d35512c208d,30378687380000
0x76b6dc41dbea661b8cf13a7da215abe1aeaeda62,30378687380000
0xe1b77ad3617634ddbac8688de7c0d32101856b66,30378687380000
0xec13c3205fcce279307105e178c693fb44654f0e,30378687380000
0xec080f9ef9f272434c0f9350bdb6c4d27177ff96,30378687380000
0x7a7e4ebb667d8c9d4a61b68f4c02fb4f8b3f89da,30378687380000
0x95496cb0cd370ab255e0eaa9b919e2a246871af8,30378687380000
0xabd4b3d431386295a9c38b27592b80d1a2584fb4,30378687380000
0x4939aa0d28e18c7ff2f9a3b6231d8be4a5ad181d,30378687380000
0xd23280eb7b68d26bdb99b48eff8946bfc8e22700,25315572820000
0xf43250d2b0ead69fc6e142628af9339330147865,25315572820000
0xbe26ac9f23d367ec78cb26ba9f69aeee6a50f2e0,25315572820000
0x9ceef3385171922fff05f367f37fe347e5d79f18,25315572820000
0x223d5662b4a3df20df5c300add2b48296e36499f,25315572820000
0x571bb54c794154feead2b95bde47877d63274fe9,315572820000
0xb665c053e505785cd56c4656951a684a9c1ecb43,315572820000
0x8046c423016712278e7baba9e912509f99009d6a,25315572820000
0xfa8492bc4eebc8c62ca47e461a85c77689dd7987,572820000
0x59667a9fa812f67d1b1cf63abbceb337d7093e50,25315572820000
0x68c81fdf2c21b333495408b83514f4006f6768c4,25315572820000
0x90a2c8fe79eedf8a312da82fb5b300784d8470b9,25315572820000
0x92e5a0d628f4c18644678864c5ede903633db7be,25315572820000
0x92634a67cdbd885c70074091ee78ee6451bd77b2,25315572820000
0x0d2f34ccc1bec3ea26ae1626742809cb3a4879ff,428854572820000
0x3a843710ea36a4a12a9fab237b3be7b12d469870,315572820000
0x8fd92e617ab335be88dfe0f70d391654a62ce766,20252458250000
0x5da36045acff58e0eed11e77000d6469be32df78,20252458250000
0xc38ff609038812ce676627fc8b4e2c8c8dbfd813,2458250000
0xf68866854204dc6305dfdf6b3b1ce9f1725d710e,20252458250000
0x9668da5391f25a5cab9664dd2e7c5a3bc9131f21,458250000
0x3d99a3f3dc2686e68452f07a1c83737bc29cd8df,458250000
0x4f7264049200c8dc67cf6a98a1f98b969de7531d,20242458250000
0x7cca27d5003e1219bcb215cfe728c6ecc8ee4c4e,458250000
0x7abddc1e68f690375704a0c5f71b97f572762a37,20252458250000
0xc480334141e5abb335b8e931d8601b326d20da88,20252458250000
0x2acace0b055b0b6683b2d7b5af70041599749bc5,20252458250000
0x5738e19bb7eddcc52145f4241003392fc1cd9a59,125347071690000
0x11774a7b63ff049e89912d399b297c8424951930,15189343690000
0x1ce08c7326978e3645995551f2d48df873cc5e1c,343690000
0x0c6f53c6291360fc301449600727f1e8c43a2f18,15189343690000
0x693b9c4da4ccffd528126121c711d5e6637473c3,343690000
0x826e182edcd2a6f3cf5816db807aec03b046a8ae,15189343690000
0x78eb0e387ec80564c059e7eb7551e7d943930725,34169343690000
0xd1ccee2b4c8af8bb69a1d47b8de22a2c73c04f7a,15189343690000
0x2d66fd65445e1e8aa9fe35728b747767602433b3,15189343690000
0xad33f43cb3ddc2dbd5a5eb09b12423066041a219,189343690000
0x89efb6e0c5eb2b5f1321a81493dac135ee9d7567,15189343690000
0xda712c171682a40267e85a2b834bdca52d237564,1343690000
0xb02b8ac6eb0fb56561a177c9a8edeea22b8924fe,15189343690000
0x33918f4d3ccb11035cb8672ac84515492d32d781,343690000
0x2a02904c2d7510a28d184387aab187478182a60b,343690000
0xcd0279459136f1d22d849037609decf2ceeb9a8d,15189343690000
0x49c06cdfd6917c34875bb28fc49ef505440c38ed,15189343690000
0x114040c5a7d2c7a5ff99db6e8a3fdfc4b51b7d18,15189343690000
0x1383e363edf19f8df5dbe9aa59b655a7b2577a08,15189343690000
0x16c1bf5f5c3b18841fdf3bbe907572028fec37b2,15189343690000
0x3d0c9f864751fd73158210caba258d0eea22ccb1,15189343690000
0x12d63d55f304e9d3a500e2d2cd5e4951ba5fa770,15189343690000
0x4f0319eb97021993ec862200809f2859423d7495,15189343690000
0x0328ce2882310242078899d5ee9247587a6a0dda,15189343690000
0xd626035d6825e6528ffb0bd50a9f6218b2f21f7f,15189343690000
0x323eda27a89e7839765852c7d0433cc4dcd0de89,15189343690000
0xb84e7087d87123fed0f08e6ccddbf411545f8e89,15189343690000
0x63b56909257c89953e888c9a4fa83816d3d24dc2,15189343690000
0x077a1da04bddd9e05d3ddaf516a7b021a96ef14d,15189343690000
0xc5d7345a18974ab0da7fa54ef0646b8b528fc980,10126229130000
0xa7a7f2049b1cf9cf75249925c97bf2b017089c2c,10126229130000
0x86b80dad872ec3226174218c5b20a1c3a99a5383,10126229130000
0xffd0831645bce8012a14025823eab1f93d042bc4,10126229130000
0x607fa5a08ef2da0434d44967970f75d15118d694,10126229130000
0xddea26841324e40393b167937a394c187dd7995b,229130000
0x848c37b561d051d9f0208056ba66ff92c39fc00a,10126229130000
0xf3b6abc89a4a597d30dd2644b1b8e044558795db,10126229130000
0xa754fd34d744cbddb27add1d77605efa35fe3552,206126229130000
0xd4d3e8ba131a4c4a18a510c8deb9a53f647db792,229130000
0xf71c3bb7b0c8d3064aded32035b84744f570eb24,229130000
0x1fde313cf9415ceeed489dcec607b6316ff16d65,99687380000
0xbbee4ee4922f300a2d12734850ebf65b1d82d30f,30378687380000
0xfac0217007cccee520a65e47e363ad752a01823d,378687380000
0x2fe72fb3b47f3027403d3dcc20639743312aac84,30378687380000
0x9ef82a3f66bb06041e0115134606d6a98f47801b,47562014000000
0x7081b27bb5505d8b21bcd9131d07d3924e9f961d,15189343690000
0x0c7a2eb5b17325de8a68cafbe123e8e89ff07a1e,10126229130000
0xe9275eb141c08f69250c3de30c4199c517109dde,100000000000000
0x373a07c4347072a615cf5b3139d20cc98bb91e8a,519118000000000
0x65ba6f2f614d4131fdecb67f6f6aa86d07b00917,83000000000000
0x895dc37d85130cd23efeab40d3a23fe6338e770b,60757374760000
0x1475836586271ff7db6d7f28292c261a2a87011d,480000000000000
0x8c6f2e930b213462bf1eb8224eb9748dcb49d3b5,30378687380000
0x7301f5a10032c4ed2ed1134cbce11f440de213c2,30378687380000
0x9af41c3f89fed7c6db78fa2920a3eeb1617a3bb8,30378687380000
0xff23aa76ed26d8d8047c2cceba6fcf38d0552923,30378687380000
0x3b7ab3521d9ad91d62a92a0570c24d4328a6f69a,30378687380000
0xab2bd4dcac8cbeb58df271b2502698a242e6547f,25315572820000
0xe57ee32b80467587241b963cd9f1f67101c01921,10126229130000
0x8420537853d39bcaffef48cd5128e8898a18abfa,2500000000000000
0x8cb922fc172e74db4a93bcbfd7d57b35cbf3fbb3,25315572820000
0xc5c9a7caecccc814bd2f90d3e280bce453cfe855,230769230
0x2984581ece53a4390d1f568673cf693139c97049,12266207999768638
0x2abb5193d87e55d1043502ffe9eb6ac979b8cd20,100000000000000
0x04035f558b0a5dd652a1bdc379ccaf00c4f62647,500000000000000
0xe07ac2cfabfd0e0c6e48c33dadde751f5ee79471,15500000000000
0xa3d559a26e0252266d4d43231d7c29707c76d8b0,586817000000000
0x3906842e00abf96cc58300bec49124e6a36a46db,83333333333333
0x82a05275d8c71cf1dcfe96923a06b9b0dc6d305a,999538461536
0x6c27e779bc2f1bdb3c1e09d7b66eb8dcb661eaf5,283000000000000
0xd35e085a70675c6fee1933ccc0fe9017eeca1032,500000000000000
0x417bb71d4b56abed3dc53e984bcfff79dc6b0ac6,1980000000000
0x807b9487aaf00629b674bd6d02e4917453bc5939,56683000000000
0x0092477840ac3ce5ccff2b2ae2eee512f483c4d8,500000000000000
0x9e37e63e30a38acc9056780bccaa20e10d469a01,62140000
0x3d0ea3282659d9cf69df70d85d04c74165996f80,1528487915930000
0xd0728d05991765f737c14cbe91c17f27f327962c,33350880420000
0xcd2f4c35e33c64ff90cb6c88cfef51e7dfde1e37,31525280000
0x130347a3608d50f4048465d3fc21b4f3fb539552,14999990000
0x40e7da86ae31bd30dfc4ee785c8a2048db40a2c9,4689044540000
0x9e20e13868438e1e545b70058a0e022dabff4607,990000000000
0x2237a6f4f3921910c9eb444ffefdcdb7e6a9077c,85548583110000
0x62f5536680efde50b32007adec9826b61b6cd822,1000000000000
0xa4cef224b9fd49dc87ec15471ac498d843832eb2,3000000000000
0xc700940d49d17f52f311ebe24d406db34c01c479,1000000000000000
0xf1f8052aa04b467d48b4640b5fb58c52ebf4f27b,834000000000
0xed48583d365d974b9bfc7c243467bd984406e0e8,2000000000000000
0x8f25bb26b2e889cb0bd3d0384062a2ec96d2fc68,1000000000000
0x0656d8b7b1fcc09788f4a7b657b38a3a4eeb3f9b,411000000000000
0x02771a2d745508a11117d82052872c1c7b1d6e7e,56176691810000
0xfc3c0d21b725d61aeec3e086e7924f4d5eb1946c,130378687380000
0xd96ba8f3a69e1a5a8033fa2a0ba6d7b7c1346def,3075718000000000
0x3cf1489cb75befaa313aab411a6fcd599a8ae207,454000000000000
0xc9a642aa09c9fdc3e2b488dfbc5b3c5126ec6f52,33000000000000
0x9eb429cb38ad55553a6e83ccacd178c7fd27a26a,60757374760000
0x6b538a7e04f015d8b78d76bd2f01ffd2ffe0a2e5,140000000
0x262ecbc0fc2fe79c93bba49e9d232ae251e9761e,30769230769230
0xdd03b439daca835277df05e25ec7560f55eb770b,1337692307692307
0x28a1da87fa5c595e97ebb76726a39b603c53dd33,15001000000000000
0x9fe54674af2b81a909f83cc2c7fe2463a1d70068,5000000000000
0xd2052e24f47c4cdd3f34a287cda82f17975d150d,378687380000
0xf28b888858202e1b7f3396c31eca6fab7a4b0e63,30378687380000
0x84de0a3a5a20cbc76a6c70daa36f80a08714a6f8,31282884369333
0x1374c83bf4af8e0c847d449840bb7a9b0963a1c8,30378687380000
0x0282df6463cb46ab0da9a0d3649baf6b7d256261,30378687380000
0xe349e61f5e97582cccfed1d1f36f521c8fada339,30378687380000
0xe93f762d2e38e129cda9c43869e42c0738954fe2,30378687380000
0x15048b30917cb12d167cfc9eaf2c65c37dc747b5,178687380000
0xff1ad1d2178df86c30807ea3957565c4a878ee05,30378687380000
0x0039f22efb07a647557c7c5d17854cfd6d489ef3,25315572820000
0x395205853d482ab4d4d62f7852347a9958e4122e,25315572820000
0x2b2f60b5af2c09fcc9cda0bdf96f215db20e5d78,20252458250000
0x479d023e4a786e1565b01f5fdf669f9e8d91f6f8,9343690000
0x1fe6a4a7beba8f7b96b11e6e6142260c34b4bd21,11189343690000
0x75f8d0c29e98d8636ee66aff9656ac0523553fbd,15189343690000
0x38c325a36e2b37de5430213493ccac195b23a82e,15189343690000
0x931455ae7daed2a745b4b83522eafe7713ea452c,10126229130000
0xb04728a09b9bf7a0e6276fb9bae47b1746260555,15189343690000
0xe777f32d5c4e5066fac032f2a64bed18d2c16513,15189343690000
0xd562b54fe276cc0a21e4e4188b6a61d037d8c4bf,10126229130000
0x2c16b554619908df2db3805f8e461591da3f5ba9,10126229130000
0x5071762ef9aae74c1d6ee107cd17c0598315e6e3,30378687380000
0xcd07679a857c49b6cc0b1181a57a2f480a8ddf50,25315572820000
0x98930de72c6d76a62ba31ec55fc153963b4aa3ad,20252458250000
0x4ced2b7d27ac74b0ecb2440d9857ba6c6407149f,20252458250000
0x390107eb1f95edbac995de7565a5f90e13bc7575,30378687380000
0xc8d0c25026370fdcbbc76eba8f32ac83f77fcc60,10126229130000
0xbae281fc7a1a7138f049630831eee7cd2c5868bb,25315572820000
0xcb33b5b3365e5a39d51d473d43a5da783dc23355,229130000
0x624440fff9763ccbc5ae3e569efc3458c1347b21,20252458260000
0xffb9a31520965ee021d634af67ea2ac6a1606bf3,33368687380000
0xb5525f178b616b026bf4dc9c1fb5775cf1aadf7b,30378687380000
0x2bafc6b014ff4248dbb8823c68a8affe02fb3e6a,13000000000
0x56fd6ad97cfeb09cb2ff6b94a31324e7de41d86c,151000000000000
0x56d484d8dc3b214be3258d3af55e54dac98f4c9e,18784504373601
0x88fccd2564750e38e15a243868b2631031c2b8e3,26680000000000
0x1755f8354cb48addd1d24e4cbc48311955b784ac,3741171835130926
0x89e1b6784ef432f0f45dc4299cbf08342cd149b8,20706197157144707
0x1b6cf2adad6243a6836d51ef819ee1ba4bb897d8,265510200000
0x77f6d9261dd8e45c0e8555aa86ab1648da9b95c3,327000000000000
0xffde068089ba4758bff088e99c8b0bf609b1943e,140729230769230
0x3b48c4253c55d2e86d14bd1c4ab80c2027fa2cf9,13115384615384615
0x187c6fa867546f182552ed225a1683d5ff99c033,1592848959805582
0xdf6595ae523fc06fc75f77ed4e444d6382a9e860,10028000000000000
0x986535d6430d8d4bfdd99194623430f45607fc3b,264664000000000
0x2773052087f99699013b4c06895fe69feebb4eee,700930958030106
0x9952c337a019ca4bfb8e6e55bb03ccc55613d080,904434000000000
0xee470c3d4153492c0566b184b272516cf5f1718f,5000000000000000
0x008cd39b569505e006ec93689add83999e96ab12,295114886651661
0x89f54db67d472b61dd9f5a047821b57c37f68b2e,11538461538461
0xd559f7be596d3a48836cafba7da286c144ac120a,15384615384615
0x9c1256b94f4a9235c979ed461d6c539a7b73b19c,1000000000000
0x29973a4325731cc235484fac813212b86b1e80b7,750000000000000
0xabf28e6f89b36cb16383bed5bf100c7a34b37121,2515000000000000
0xc967b2e84bcf4c7f1883243f954d959d1a72d70b,1000000000000
0x556c745196b7326a6dad14f67dd47054e61120a9,297451000000000
0xfc9c98f09fc93b09050c0f3fd28d22cdaa00d33c,120000000000000
0xe352c3c8ca6d05d3e123579871fe8d21329b9377,75000000000000
0xeee4b523e0a1798be804ab783203c82479c0af3b,37510000000000
0x93e1d5835ffbef3e0c506c878f811a80347c0c31,1000000000000
0xa25942d870dc984d2483fab0f731af6fbb5e1479,4306660726272565
0xb1dd0be417f257bbfaa477851748e2998baa9048,60757374760000
0x3d674334e23f415e750a0ab335022ecf6f06bbbf,57147682947194
0x1935f1b62c9488dd280311bafaac1a4a44e867ad,32470769186949
0xb7d227d15294dd60a14e4e97b6cf4cca3d6c0e23,5000000000000000
0x3ca2add4ce74dfdc69a847f234a5de76c36a8bd8,10126229130000
0x9a51d838ee5cc0c85718fab52f24391ac4ab3e58,200000000
0xc8f6c6377a42629b2b4dc8dd975d93fc4a4adb56,100000000000000
0x9b3b89792227b461ef76056b884bb41d0d6efa16,1000000000000000
0xd668337cb6b623216a93e55b76f8af19af10abf5,229130000
0x7b3ede0719e906fc9324a577b6cc38b875ba1c6e,200000000000000
0x36212ebb7513604f7dcf560908934eb49f9cc950,30378687380000
0xd0cc2b24980cbcca47ef755da88b220a82291407,30378687380000
0xffce30582bd5e565b77172c222469df12245c940,200000000000000
0x3f6d38b43057b3b7dc80ef19be2657e044d338c7,4836000000000000
0x74e764bbe673431ecb592ce67899ba9ec8840984,300000000000000
0xf45a8f79d2102dad65def50e310d4c8dc458f02f,1000000000000
0x4fe6ea636abe664e0268af373a10ca3621a0b95b,10001000000000
0x2159d6ab53588fc4a8cc9e8eac33764038343f40,10126000000000
0xcbd288a6603fc0eace75621ed4016d25dd3e2823,153442307692307
0xacabc6e196f77b1c0dc7639f2e12cf2f754a9f10,700000000000000
0xebfa116ec50de72ff984479fea25049fb0ae6fd4,1000000000000
0x5dcbb1bfcf502a5a6563c8d582db50cdc1dda1eb,100000000000000
0x40047b90e9028e9744b5d837d4756620a29f5c18,40000000000000
0xed903079e0ba61a2c0e121cb60b7f0540aa214ac,20000000000000000
0x014dd583b8de0fa62cd0eab013a8cbe763483a17,1090000000000
0x12598bc5fb3e6e8a181298b50347aa078e5496e4,31368687380000
0xb8fbceaa9ca54848b3a1ee933fe23a869be85a36,243087152548240260
0x86bcf77b0d699b4fb97e1b253245e7320fb14941,8102488000000000
0x80c1e0001540cc0bb0488638c99240f87f040d52,10000000000
0x4f9eb8bb3a9856f94e6c04a5f384ecbc9a145bb8,50899944820000
0xf3b8cbbeeaf1eacd6fac6d3bc0450b3736482f14,658608111690000
0xbbd7e435b7ba2fd68e5de85887cee70d4ad35bba,258575756520000
0x99feabda0f2e572f60c3c4dd63a41bf08152dc31,7423388830000
0xfd5f985439dacedecf754cd177461b4a3e7bdbe3,1306071936642560
0xad31ed004443250d94237d77f2291ad1cd0d11f3,803413950000
0x5f01264af9d8c2bea23fca2c20412206d1f98c34,1990000000000
0x6044e2c1b259eeecb1d5912e83d534eb1681dbe5,765996489300000
0x518aae5cbec878105014b64e1dd49b300f1f66bd,42932306820000
0x2b5d9719f3cd6a2071aa75b46d3c575f4e435cad,52048481240000
0xc92eedf6a7f7899beef946dd294281930e8ba97c,2453070647840000
0x6ce9366287a551db2e31b4bc9d63ad7c4b9bee22,28001282900000
0xd5f035581b3f86edb225c99e69d2790f027cf928,4990000000000
0x76d214efd13600411c64d388f6e31737f14ef416,269993883300000
0x8ad1818b7b106b80c8abfb58eefcba6b5bb9c75b,40000000000
0x471d5b64c3767abb0ef6a8ae8f5c11db57349952,2303589813760000
0x51d3d47c93495965dbec7e10c11630811a5b3c3c,1149980000000000
0xb6ab8129adf1082295d051f13a5f0adffdf4a2d7,93451518960000
0xa2239b2fc91d3d19e9e156079d0ea95a606146b5,767716740000
0xb00190fa75e2e84c43323e6a10002978ab22043e,990000000000
0xdd07ee015e42c496caed456dbb95fc6c4128ae58,249980000000000
0xb5d7cd30b09f528db260a00057f63cc0718bf593,96833240070000
0xd65d973b4cfc5ed15f8e289324a9bc2152425c5d,199990000000000
0x2908f2efca92e92f596ade2f662617355f64398e,2080000000000
0x52235f3aced1ee6eb71055f62af9f6d9a194cf6c,584745510000
0xe4570791d18398928aae0ce1d4202b6c3baafa3f,583550061620000
0x5e6f00aa773170c8019b7cddb05d88e80c996476,2041912570000
0x4e8ff3c6ec6b2cb43b0ed0c2bc22b877745ec952,33105260090000
0x150389cb162de91f08681abb28122e7ec71ec7ad,39394255610000
0xdbcdf649d00daf1b2d12e048c39be4b1b1c24861,36163887670000
0x52163f16565ab7d28d83f82b28872e9534345b70,46153846
0xa5430c884ecb9129eddacca341def8388cd37743,357000000000000
0x0ec3f1e158567462d3c0e28999d8b2ba8e4f03b0,248000000000000
0x6393bb633853b7e6a39efee1e1fff7703ef322ad,637761089930000
0x6e5fe1a02072f09753dfe4b5c0638de75843f176,26000000000000
0x09f3480871b1a3384f948841c29eee9c1392e776,250000000000000
0xc8f01aa6911e879b9fea7c9468ee2f746707f4b4,5001000000000000
0x8dfa3ea662324c691c081781da9377a680904d9e,384615384
0x7e0dadb3d144ff927803007fd5032a556c77caaf,11000000000000
0x59e5fe8a9637702c6d597c5f1c4ebe3fba747371,466153846153846
0xac26e3bfcc106f5e7afbe76f4b56c1e82e3cdd06,1036087810335393
0x5773fe1e590945d354f4937d4a905bb30f204481,1250000000000000
0x999915eb93b0621c8a9c7e7af6e33c75efa196df,461538461
0x021a4a808f542af0ebc9e67f1f8b6fef395d3c11,62200000000000
0xc78ac085f62b0ca7a09327875a5c568a716df7b2,500000000000000
0xdb20b53318bb30ab68899041b2c89f03d57dfa0a,76923076923076
0x380884ca70f0670632fbec152029588cdba28eb1,954481000000000
0x9e9bf452bd4de555aa25cd8f2bc7f2416ce4b74c,1580741128090000
0x01736828bff18ab826867b73b53bfc5f71689cc1,1000000000000000
0x60573d1a8861d311916467ccb4c5b6f8c618d745,148234290953386
0x5104efc872d45dba3a97bf02aebe240dfc283321,1988000000000
0xee61119dee760b43786bea0165dbef634f19c65e,202388995749999
0xed59f5c079aec75f521043e2aee6366e4bdb5cad,677502000000000
0xed7a11d262bb7571943f5aff29b5de9e906bd666,343690000
0x81d98b017343b68a33535e6102c987fb22906d8b,3928702990417939
0x0260f9999a447de5c52e4c27efad6ae059707b8f,461538461538461
0x89be0bd8b6007101c7da7170a6461580994221d0,1500000000000000
0xb89e07d2165bc38df591a78abcc961639519c43b,454000000000000
0x67b15a73ec1cbe3715692195dd8dcbe0ca5a1ed8,2000000000000
0xbabfa0de0f5548778bfa219f0faeba8fb557a4fd,69861114083333
0xa106379acb22df279f1ac3c0299742531b3ba6ee,999000000000000
0xae535aa9fc053cf320acec677d2fa4dfd5c22720,307692307
0x895837475a1652187d61cbe530ec66b1cb06c35b,49999999999
0x27fa8f92cc97e33c0e4b75e660fca32291b801b6,124000000000000
0x0e061538cc23ea83d6179798c22ad8879909e8df,50000000000000
0xba8f30f4ad499c106a9a3bd3a252753e794364c6,2000000000000000
0xe420f2ab50e664961a2d40c4fd2039c5c4020c4a,1000000000000000
0xf7fb61db3ac57fcc839bc2c922ec6142f8180e83,2000000000000000
0xcbe4347cefbf18c0e4fec08a23cd197d0e7a7aae,307692307
0x3e2dd9f858fa90d397cc136bca488dbfdc69d48d,623000000000000
0x2585e6b5bd1f990c133efcf4f76486fd19ba870b,7922000000000000
0x744a65462d9ea033c3134e0f2757626940f496af,10000000000000
0x78d73a5d3b95a6d62301369a1a30afe843fc697f,1000000000000
0x717a6dcb1f178c83fe2ace641393fe1067501413,3576572820000
0x5e55fe602787b4e5d55f5f894af8124eea73c76b,39590000
0x063a56d112e09d50f01f19da1128a84ec6f06d24,112371601130000
0x206760f313ccf9774d93e61adeb0d217515a60eb,108675652170000
0x90cadf3484ced1e02dd59dc5f395cb1902d9c879,109987886290000
0x6e8924a045d9499fb31b6af07fb792f560f0932d,653435000000000
0x3b0a9ec74d704564067f473adf02a2d70c7bd8f7,563980000000000
0x397c997fa9f9c4f1a8ae0e78408d3fae6eb2444f,369990000000000
0x98becd029f609b698fe55a0cb6ec66675f78c6c3,5000000000000000
0xf5740e3883055697ac06a90b469a634e8d9a273c,268587447880000
0xe1c089149cf17b42178458f1357c679348a36cbd,899990000000000
0x8807af0bca19ee4d79df40b23ac2f442d42569d2,30090000000000
0x144bc9ffd4fdf30954797b7e2790f5c709c6c4fd,15741934300000
0x11c4a57e3628c051946cd7bb3ab955b5a1f58ff9,51990000000000
0x2cb38b47164c74226da802e28ef40bd9c91086d6,1313087000000000
0xdcf753715a75407d3931a131ef7948f65c051dd7,103345000000000
0x6e291e9aa36d534b13ebb5c71fca98cab33372db,90000000000
0xed203f8b998eac92e0b9c501551314096a999ec9,3939167386580000
0x5edfef3afc81149735fb0971e9ad9150151a01ed,2046751250000
0x8797e6f83b5ea66ba3cfc981788f1c8f6063d4d8,1999990000000000
0xa54aedd572097341786943bd8e47bee42a7b7f4e,54454690370000
0xffb82d9b4c46234efa352910b2f03d66dac94b50,4092980000000000
0xd28f732b12947f2de3718c43be4d2954a492e30c,721790983564896
0x31cd8e895de4ec2b322a8d9cc64dc3475d8886c9,34483000000000
0x475452eb2e670c1d37aaebfdc53567d750d7ab11,1000000000000
0x4b1b467a6a80af7ebc53051015e089b20588f1e7,101122899020000
0x16cd033597822387dbd37326746aa140dc83725f,990000000000
0xea62838845cafa3ed603dfe66b6cc0f50ac451de,7200789140000
0x5b178058b04235c8d366cb9ac44e7fe142c55086,167031434320000
0xe33cc68b998afbd3b1f7b28b6da38074cf69b550,800000000000000
0x26404746cd2228018f86c98f580e5030b06ff3c8,90000000000
0x1225f4b5c9527e70931c8166a159b013068795a2,6519125680000
0xe3461f6dff80d41b25df822e8338af6848b2255e,133895433870000
0xcb81476f81d030eb958b718b2c637bd7df9d326d,69990000000000
0x8ebfe0a1b5989c87f3c34bec8c160cf9e80b2a78,1998949685717708
0xf4faab78f38f8d27f2909e01c6e305df6910566f,227402000000000
0x8e64f3a147d474d2912d7cb9952007c6d2dad19d,499980000000000
0x54b4e3fb904aadbf7d80aae42306b35b398e41d0,229130000
0xb13b14b367bdcbf2f240ffb84d0939b5c583afd2,995990000000000
0x9a383d56259459b2f88deb92be69f5242c7a90c7,162003000000000
0xf3019dc6a28af019e2d6730f3d2defe3bdb28e62,221455000000000
0xa461a6cbbdde2e326305a5308f3ac088d204d3f9,5244000000000000
0xe9f1b5a2ebe0862251f96e8808e546c319aa7fb0,382599444750000
0x1ddef004d8e133a77a663adb89447fa2dae3e4f1,54980000000000
0x9e3285e3f9061244be89c51c2314ae0708b322c7,36000000000000
0x7e67c4bdde0356b9754cbea0a43851ca15e51bec,79990000000000
0x0a1022b83d725df1b1fca0d30eefd653474be43f,25305572820000
0x7fac5ee469ed4cdc59f1ab676dc7c0ae256d26f9,98577137792
0x84ccb20fdebe7e31cff47968eddbb929ce08d2a5,99990000000000
0xd4de01ae5aa4af6d68ad5472d0692d6f76d17323,32630000000000
0x3c28722d3b3c2d7482c9add171147c756d998ab2,79859000000000
0x6b377d45d352bc8612149a3f5fd258234ab048b9,204948717948717
0x43332e1eb552df06ccfe411d399e48ddf9e36945,6332000000000000
0x02dc42e15b75453ad018daadc1689fccae9a835c,990000000000
0x372241ed6d891fda12c300619941793471b30897,493450000
0xad64261fe58b9142e384289515aebcc456dd7417,3424080797960000
0x267769574fc06a9205665fe45eb8d9dc71069dd9,82199621239194
0x2ddc979159d86833178eaf3d1a6f0ceb44be6445,2000000000000
0xcdc35cf15bcd150f5d2904c8bd64ade1b4e76d22,63873351430000
0x21d99b703615998bf3457f2aea46551e3b1f41be,55210656850000
0x1bf546e7e42ebc76c270f84dc9f5f3e2e8e7276d,12990000000000
0x46f9720ebf14e583f50967c7b070192b2809c085,996909580301
